{"cameraMode":{"drawMode":0,"name":"Shaded","section":"Shading Mode"},"sceneLighting":true,"audioPlay":false,"sceneViewState":{"m_AlwaysRefresh":false,"showFog":true,"showSkybox":true,"showFlares":true,"showImageEffects":true,"showParticleSystems":true,"showVisualEffectGraphs":true,"m_FxEnabled":true},"in2DMode":false,"pivot":{"x":-0.11907339096069336,"y":0.6016690731048584,"z":0.11726880073547363},"rotation":{"x":-0.4252951443195343,"y":0.04259981960058212,"z":-0.020045075565576555,"w":-0.9038299918174744},"size":2.186527967453003,"orthographic":false}